"User IP",Number,"Current time","from Param"
103.96.38.57,01634222111,"2022-12-05 11:13",243234
103.96.38.57,01634222111,"2022-12-05 11:14","Test page"
52.114.14.71,01634222111,"2022-12-05 11:18","Test page"
103.138.203.81,01634222111,"2022-12-05 11:19","Test page"
103.96.38.57,01634222111,"2022-12-05 11:22","Test page"
103.138.203.81,01634222111,"2022-12-05 11:23","Test page"
103.138.203.81,01634222111,"2022-12-05 11:23","Test page"
103.138.203.81,01634222111,"2022-12-05 11:24","Test page"
172.70.85.184,test007,"2022-12-08 07:47",HomePage
172.71.178.154,test007,"2022-12-08 07:49",HomePage
127.0.0.1,dfdfd,"2023-05-08 20:32",sdfdfsdf
127.0.0.1,dfdf,"2023-05-08 20:33",
127.0.0.1,dfd,"2023-05-08 20:33",HomePage
127.0.0.1,ggg,"2023-05-08 20:35",HomePage
127.0.0.1,ggg,"2023-05-08 20:36",HomePage
127.0.0.1,fdfd,"2023-05-08 20:36",HomePage
127.0.0.1,fdfd,"2023-05-08 20:36",HomePage
127.0.0.1,sdsd,"2023-05-08 20:38",HomePage
127.0.0.1,dsds,"2023-05-08 20:38",HomePage
127.0.0.1,dfd,"2023-05-08 20:40",HomePage
127.0.0.1,dfdf,"2023-05-08 20:40",HomePage
127.0.0.1,dfdf,"2023-05-08 21:21",HomePage
127.0.0.1,dfd,"2023-05-08 21:34",
127.0.0.1,dfd,"2023-05-08 21:36",
